url,status,filename,timestamp
https://www.linkedin.com/in/md-nesad-30b5bb286,invalid_content,,2025-05-27 08:06:27
https://www.linkedin.com/in/saurabhsonde,invalid_content,,2025-05-27 08:06:58
https://www.linkedin.com/in/tdhpatel,invalid_content,,2025-05-27 08:07:30
https://www.linkedin.com/in/niteeq-sheik-b2a853177,invalid_content,,2025-05-27 08:08:02
https://www.linkedin.com/in/nikitha-gurram-0152b5280/,invalid_content,,2025-05-27 08:08:33
https://www.linkedin.com/in/spencer-schibig-7b4324209,invalid_content,,2025-05-27 08:09:06
https://www.linkedin.com/in/kartikey0402,invalid_content,,2025-05-27 08:09:40
https://www.linkedin.com/in/fecoded,error,,2025-05-27 08:10:11
https://www.linkedin.com/in/fpalacios10,error,,2025-05-27 08:12:01
https://www.linkedin.com/in/subashini-subramaniam-71821081,error,,2025-05-27 08:12:21
