file_name,name,job_title,company,start_date,headline
Alaa Magdy _ LinkedIn.html,,,,,
Grishon Nganga _ LinkedIn.html,,,,,
Sanglap Mridha _ LinkedIn.html,,,,,
Veera vara prasad Devarabotla _ LinkedIn.html,,,,,
Lerato Motsabi _ LinkedIn.html,,,,,
Meher Krishna Thatavarthi _ LinkedIn.html,,,,,
Rakesh Billy _ LinkedIn.html,,,,,
Akhilesh Pandey _ LinkedIn.html,,,,,
Abhinaba Kashyap _ LinkedIn.html,,,,,
David Torres _ LinkedIn.html,,,,,
Sofia Kotova _ LinkedIn.html,,,,,
Anthony Thomas _ LinkedIn.html,,,,,
Harsh Singh _ LinkedIn.html,,,,,
M Usama Butt _ LinkedIn.html,,,,,
Oscar Taza _ LinkedIn.html,,,,,
Vijay Sahani _ LinkedIn.html,,,,,
Shilpa Puli _ LinkedIn.html,,,,,
Rugved Dhorje _ LinkedIn.html,,,,,
Deni Kotsev _ LinkedIn.html,,,,,
Rohit Soni _ LinkedIn.html,,,,,
Aditya Bastawad _ LinkedIn.html,,,,,
María De Los Angeles Sánchez _ LinkedIn.html,,,,,
Noor Ul Ain _ LinkedIn.html,,,,,
Puja Wagh _ LinkedIn.html,,,,,
Bharat Sharma _ LinkedIn.html,,,,,
Lohita Suvvari _ LinkedIn.html,,,,,
Helena Park _ LinkedIn.html,,,,,
Yogendra Singh Verma _ LinkedIn.html,,,,,
Kritagya Mishra _ LinkedIn.html,,,,,
Madhavi Pasupuleti _ LinkedIn.html,,,,,
Shama Tabassum _ LinkedIn.html,,,,,
Srajan Kumar _ LinkedIn.html,,,,,
Tanmay Soni _ LinkedIn.html,,,,,
Sharanya Menon _ LinkedIn.html,,,,,
Yugesh M M _ LinkedIn.html,,,,,
adnan khan _ LinkedIn.html,,,,,
Noble Khatra _ LinkedIn.html,,,,,
Prasun Acharjee _ LinkedIn.html,,,,,
Hanzala Darahi _ LinkedIn.html,,,,,
Çağrı Yardımcı _ LinkedIn.html,,,,,
Ashish Kumar Yadav _ LinkedIn.html,,,,,
Amit Samadder _ LinkedIn.html,,,,,
Mansi Piyush Vaghasiya _ LinkedIn.html,,,,,
John Fasoulis _ LinkedIn.html,,,,,
Kinnari Buch _ LinkedIn.html,,,,,
Govind Vishwakarma _ LinkedIn.html,,,,,
Javed Ansari _ LinkedIn.html,,,,,
Mehrab M. _ LinkedIn.html,,,,,
Shubham Mohite _ LinkedIn.html,,,,,
Al Hammad _ LinkedIn.html,,,,,
Aafreen 🌻 ✨ _ LinkedIn.html,,,,,
Abanoub Kamil _ LinkedIn.html,,,,,
Aanshi Lahoti _ LinkedIn.html,,,,,
Puhupwas Bind _ LinkedIn.html,,,,,
P. Sri Harsha Kumar _ LinkedIn.html,,,,,
Deepak Karanjekar _ LinkedIn.html,,,,,
SHRUTI PANDEY _ LinkedIn.html,,,,,
Shivam Sharma _ LinkedIn.html,,,,,
Lakshyadeep Gogoi _ LinkedIn.html,,,,,
Sharjil Khan _ LinkedIn.html,,,,,
Md Aminul Hoque _ LinkedIn.html,,,,,
Büşra Durmuş _ LinkedIn.html,,,,,
Ivan P. _ LinkedIn.html,,,,,
Rakesh T _ LinkedIn.html,,,,,
Vince Quinaging _ LinkedIn.html,,,,,
Deepak Maurya _ LinkedIn.html,,,,,
Muhammad Ahsan Siddiq _ LinkedIn.html,,,,,
Maxwell Haron _ LinkedIn.html,,,,,
Marcelito Cosicol _ LinkedIn.html,,,,,
Manaswi Rama _ LinkedIn.html,,,,,
Pavitra Herakal _ LinkedIn.html,,,,,
Everett White _ LinkedIn.html,,,,,
Justin Ariem _ LinkedIn.html,,,,,
Anna Sokolova _ LinkedIn.html,,,,,
Radhesh Pandey _ LinkedIn.html,,,,,
Alejandro De Leon _ LinkedIn.html,,,,,
Sayali Takalkar _ LinkedIn.html,,,,,
Divya Srivastava _ LinkedIn.html,,,,,
Viniktha Gadde _ LinkedIn.html,,,,,
Jaya Patidar _ LinkedIn.html,,,,,
Ahmed Elshobaky _ LinkedIn.html,,,,,
PRASHANT RAJ _ LinkedIn.html,,,,,
Rahul Chougule _ LinkedIn.html,,,,,
Alfredo Salzillo _ LinkedIn.html,,,,,
Christian Stevens _ LinkedIn.html,,,,,
Abdul Wahab _ LinkedIn.html,,,,,
Tarun Lalwani _ LinkedIn.html,,,,,
Syed Absar Qadri _ LinkedIn.html,,,,,
Muhesh C _ LinkedIn.html,,,,,
Faruq Kureshi _ LinkedIn.html,,,,,
Abhinay Pawar _ LinkedIn.html,,,,,
Vache Khanoyan _ LinkedIn.html,,,,,
José Pereira _ LinkedIn.html,,,,,
Muhammad Juan Al Firdaus _ LinkedIn.html,,,,,
Cassidy Sisco-Martinez _ LinkedIn.html,,,,,
Nur A Alam Khan _ LinkedIn.html,,,,,
SHAIK AZEEM VALLI _ LinkedIn.html,,,,,
Sharani Regonda _ LinkedIn.html,,,,,
Vladislav S. _ LinkedIn.html,,,,,
Mukund Sureshkumar _ LinkedIn.html,,,,,
Sandeep Saraf _ LinkedIn.html,,,,,
Akshay Pratap Singh _ LinkedIn.html,,,,,
Joel P. _ LinkedIn.html,,,,,
Priyanshu Hota _ LinkedIn.html,,,,,
Anh Tuan Nguyen _ LinkedIn.html,,,,,
Divya Bhavar _ LinkedIn.html,,,,,
Kousikkumar P _ LinkedIn.html,,,,,
Ovais Ahmad Khanday _ LinkedIn.html,,,,,
Prestone Ong_oro _ LinkedIn.html,,,,,
Yazan Alkhabbaz _ LinkedIn.html,,,,,
Tejaswika Pandey _ LinkedIn.html,,,,,
Bruna Flôr _ LinkedIn.html,,,,,
Toshik Rathore _ LinkedIn.html,,,,,
Supratip Bhattacharya _ LinkedIn.html,,,,,
José Antonio Cabello Pérez _ LinkedIn.html,,,,,
Rohan Kumar Singh _ LinkedIn.html,,,,,
Alex Z. _ LinkedIn.html,,,,,
Charles Norris _ LinkedIn.html,,,,,
Roland Umoh _ LinkedIn.html,,,,,
Pavan Sai Gajula _ LinkedIn.html,,,,,
Sai Priya N _ LinkedIn.html,,,,,
Johnatan Andrés Arango Rodríguez _ LinkedIn.html,,,,,
Abhinav Kokkadan _ LinkedIn.html,,,,,
Jogeshwaran S _ LinkedIn.html,,,,,
David Kim _ LinkedIn.html,,,,,
Akash Dasgupta _ LinkedIn.html,,,,,
Shukuralillahi Bakare _ LinkedIn.html,,,,,
Viral Bhoot _ LinkedIn.html,,,,,
Unnati Rastogi _ LinkedIn.html,,,,,
Michael Borado _ LinkedIn.html,,,,,
Abdullah Jamil _ LinkedIn.html,,,,,
Adnane Aref _ LinkedIn.html,,,,,
Hristijan Veleski _ LinkedIn.html,,,,,
Abhinav Bachu _ LinkedIn.html,,,,,
Daniel Chibuogwu _ LinkedIn.html,,,,,
Mateen Nawaz _ LinkedIn.html,,,,,
Seda Hayrapetyan _ LinkedIn.html,,,,,
Tatia Daghelashvili _ LinkedIn.html,,,,,
Astha Nema _ LinkedIn.html,,,,,
Priyabrata BISWAL _ LinkedIn.html,,,,,
Jan Golder _ LinkedIn.html,,,,,
Alfiya siddiqui _ LinkedIn.html,,,,,
Harshitha Velumakanne _ LinkedIn.html,,,,,
Ravi Verma _ LinkedIn.html,,,,,
Sayantan Roy _ LinkedIn.html,,,,,
Hitanshu Shah _ LinkedIn.html,,,,,
Chidera Chukwuka _ LinkedIn.html,,,,,
Varun Mahankali _ LinkedIn.html,,,,,
Nidheesh Velutheri _ LinkedIn.html,,,,,
Anish Peshwe _ LinkedIn.html,,,,,
Raghav Somani _ LinkedIn.html,,,,,
Pushpendra Kumar Bais _ LinkedIn.html,,,,,
Jorge Luis Corea Rueda _ LinkedIn.html,,,,,
Y E. _ LinkedIn.html,,,,,
Venkata Rathnam Kuntru _ LinkedIn.html,,,,,
Devnandan Yadav _ LinkedIn.html,,,,,
Mukul Sharma _ LinkedIn.html,,,,,
Md Asif Anjum _ LinkedIn.html,,,,,
Vansh Vansh _ LinkedIn.html,,,,,
Raymond Rupiah _ LinkedIn.html,,,,,
Daniel Abanto Hernandez _ LinkedIn.html,,,,,
Gargi Sharma _ LinkedIn.html,,,,,
Vinita M _ LinkedIn.html,,,,,
Anastasija Radulović _ LinkedIn.html,,,,,
Lokesh P S _ LinkedIn.html,,,,,
Manish Mahto _ LinkedIn.html,,,,,
Anton Pugachev _ LinkedIn.html,,,,,
ganji vasu _ LinkedIn.html,,,,,
Uttej V. _ LinkedIn.html,,,,,
Herman S. _ LinkedIn.html,,,,,
Syed umar saifi _ LinkedIn.html,,,,,
Ankita Kolekar _ LinkedIn.html,,,,,
Asylbek I. _ LinkedIn.html,,,,,
Paras Negi _ LinkedIn.html,,,,,
Kevin Wong _ LinkedIn.html,,,,,
Edgar G. _ LinkedIn.html,,,,,
Dmytro Manaienko _ LinkedIn.html,,,,,
Naga D _ LinkedIn.html,,,,,
Dhruvik N. _ LinkedIn.html,,,,,
Sandhya Rani _ LinkedIn.html,,,,,
Gerald Dominic _ LinkedIn.html,,,,,
Ayush Raj _ LinkedIn.html,,,,,
Gourav Pandey _ LinkedIn.html,,,,,
Navneet Namdev _ LinkedIn.html,,,,,
Aditya Raj Benn _ LinkedIn.html,,,,,
Sindhu Reddy _ LinkedIn.html,,,,,
Rami Zaid _ LinkedIn.html,,,,,
Vaibhav Sharma _ LinkedIn.html,,,,,
Yash Chauhan _ LinkedIn.html,,,,,
Anastasiia Lozhachevska _ LinkedIn.html,,,,,
Daniel Otoo _ LinkedIn.html,,,,,
Samuel Langenfeld _ LinkedIn.html,,,,,
Shiva Kumarr Thimmaraveni _ LinkedIn.html,,,,,
Roali Tarik Biten _ LinkedIn.html,,,,,
Manoj Kumar Nalla _ LinkedIn.html,,,,,
Sana Khan _ LinkedIn.html,,,,,
Ferdinand Gjoni _ LinkedIn.html,,,,,
Nirit Nagar _ LinkedIn.html,,,,,
Omkar Prabhudesai _ LinkedIn.html,,,,,
