"comparison","summary"
"1_vs_3","### CLUSTER 1 ###
- Compared to the other cluster, candidates in Cluster 1 demonstrate a strong technical understanding of React, particularly in optimizing large-scale applications using techniques like lazy loading and Redux for state management.
- Compared to the other cluster, candidates in Cluster 1 often struggle with articulating their thoughts clearly, leading to responses that are sometimes disorganized and repetitive.
- Compared to the other cluster, candidates in Cluster 1 show a limited understanding of advanced JavaScript features, such as ES6+ syntax, and often provide vague or incomplete examples.
- Compared to the other cluster, candidates in Cluster 1 exhibit hesitation and lack of confidence when discussing non-technical aspects, such as communication skills and structured problem-solving approaches.

### CLUSTER 3 ###
- Compared to the other cluster, candidates in Cluster 3 frequently fail to provide responses to technical questions, indicating a lack of preparedness or understanding of the topics discussed.
- Compared to the other cluster, candidates in Cluster 3 demonstrate a more structured approach to problem-solving when they do respond, often outlining clear steps or methodologies.
- Compared to the other cluster, candidates in Cluster 3 show a limited engagement with the interviewer, often skipping questions or providing minimal input, which affects the depth of their technical discussions.
- Compared to the other cluster, candidates in Cluster 3 exhibit significant hesitation and lack of communication skills, often leading to incomplete or absent responses, which impacts their overall interview performance."
"1_vs_5","### CLUSTER 1 ###
- Compared to the other cluster, candidates in Cluster 1 demonstrate a stronger technical understanding of React and JavaScript concepts, often providing detailed explanations and examples.
- Compared to the other cluster, candidates in Cluster 1 show more hesitation and lack of clarity in their responses, often repeating themselves or struggling to articulate their thoughts clearly.
- Compared to the other cluster, candidates in Cluster 1 exhibit a more structured approach to problem-solving, often outlining step-by-step processes for implementing solutions.
- Compared to the other cluster, candidates in Cluster 1 have a tendency to focus more on technical jargon and specific tools, which may sometimes detract from the overall clarity and coherence of their communication.

### CLUSTER 5 ###
- Compared to the other cluster, candidates in Cluster 5 display a weaker grasp of technical concepts, often providing vague or incomplete answers to technical questions.
- Compared to the other cluster, candidates in Cluster 5 exhibit more confidence in their communication, despite occasionally lacking depth in their technical explanations.
- Compared to the other cluster, candidates in Cluster 5 tend to rely more on general statements and less on specific examples or detailed processes, which can make their responses seem less grounded in practical experience.
- Compared to the other cluster, candidates in Cluster 5 show a greater emphasis on teamwork and collaboration, often mentioning their reliance on team members for handling complex tasks."
"1_vs_7","### CLUSTER 1 ###
- Compared to the other cluster, candidates in Cluster 1 demonstrated a more detailed understanding of React's component-based architecture and state management, often discussing the use of hooks and Context API for performance optimization.
- Compared to the other cluster, candidates in Cluster 1 showed a tendency to provide lengthy and sometimes repetitive explanations, which could indicate a lack of concise communication skills.
- Compared to the other cluster, candidates in Cluster 1 appeared to have a stronger grasp of JavaScript ES6+ features, frequently mentioning async/await and destructuring in their responses.
- Compared to the other cluster, candidates in Cluster 1 exhibited some hesitation and lack of clarity in their responses, suggesting a need for improvement in structuring their thoughts and delivering clear answers.

### CLUSTER 7 ###
- Compared to the other cluster, candidates in Cluster 7 often provided minimal or no responses to technical questions, indicating a potential lack of technical depth or confidence in their knowledge.
- Compared to the other cluster, candidates in Cluster 7 displayed significant hesitation and frequent pauses, which could suggest nervousness or uncertainty during the interview process.
- Compared to the other cluster, candidates in Cluster 7 showed limited engagement with the interview questions, often repeating phrases or providing non-specific answers.
- Compared to the other cluster, candidates in Cluster 7 demonstrated less familiarity with advanced JavaScript and React concepts, as evidenced by their inability to discuss specific features or techniques in detail."
"1_vs_2","### CLUSTER 1 ###

- Compared to the other cluster, candidates in Cluster 1 demonstrated a more structured approach to technical explanations, often detailing specific tools and methodologies like React's `useState`, `useReducer`, and Redux for state management.
- Compared to the other cluster, candidates in Cluster 1 showed a stronger grasp of advanced JavaScript concepts, such as async/await and ES6+ features, providing clear examples of their application in real-world projects.
- Compared to the other cluster, candidates in Cluster 1 exhibited less hesitation and more confidence in their responses, leading to clearer communication and more coherent explanations.
- Compared to the other cluster, candidates in Cluster 1 were more proficient in discussing CSS architecture and best practices, including the use of BEM and Tailwind CSS for maintainability and scalability.

### CLUSTER 2 ###

- Compared to the other cluster, candidates in Cluster 2 often struggled with providing detailed technical explanations, sometimes lacking depth in their understanding of React's state management and performance optimization techniques.
- Compared to the other cluster, candidates in Cluster 2 showed less familiarity with advanced JavaScript features, often providing vague or incomplete examples of their usage in projects.
- Compared to the other cluster, candidates in Cluster 2 exhibited more hesitation and less structured thought processes, which sometimes led to unclear or incomplete responses.
- Compared to the other cluster, candidates in Cluster 2 were less confident in discussing CSS methodologies and best practices, often lacking specific examples of how they implement these in large-scale projects."
"1_vs_4","### CLUSTER 1 ###
- Compared to the other cluster, candidates in Cluster 1 demonstrated a more structured approach to technical explanations, often breaking down complex processes into clear, step-by-step descriptions.
- Compared to the other cluster, candidates in Cluster 1 showed a stronger grasp of specific technical tools and libraries, such as Redux and React hooks, and how to apply them effectively in real-world scenarios.
- Compared to the other cluster, candidates in Cluster 1 exhibited less hesitation and were more confident in their responses, which contributed to clearer communication and a more professional demeanor.
- Compared to the other cluster, candidates in Cluster 1 were more consistent in using technical jargon correctly, indicating a deeper familiarity with the subject matter.

### CLUSTER 4 ###
- Compared to the other cluster, candidates in Cluster 4 provided more detailed examples from their personal experiences, which helped illustrate their technical skills and problem-solving abilities.
- Compared to the other cluster, candidates in Cluster 4 demonstrated a broader range of technical knowledge, often mentioning multiple technologies and methodologies they have worked with.
- Compared to the other cluster, candidates in Cluster 4 occasionally struggled with structuring their thoughts, leading to less concise and sometimes repetitive explanations.
- Compared to the other cluster, candidates in Cluster 4 showed a higher level of enthusiasm and engagement during the interview, which could be perceived positively in terms of motivation and eagerness to learn."
"1_vs_8","### CLUSTER 1 ###
- Compared to the other cluster, candidates in Cluster 1 demonstrated a more structured approach to technical explanations, often breaking down complex concepts into step-by-step processes.
- Compared to the other cluster, candidates in Cluster 1 showed a tendency to use technical jargon and specific examples, which may indicate a deeper understanding of the subject matter.
- Compared to the other cluster, candidates in Cluster 1 exhibited some hesitation and filler words, which occasionally disrupted the flow of their communication.
- Compared to the other cluster, candidates in Cluster 1 provided detailed responses but sometimes lacked conciseness, potentially affecting the clarity of their explanations.

### CLUSTER 8 ###
- Compared to the other cluster, candidates in Cluster 8 were more concise in their technical explanations, often summarizing key points effectively without excessive detail.
- Compared to the other cluster, candidates in Cluster 8 demonstrated a strong ability to relate technical concepts to real-world applications, enhancing the practical relevance of their responses.
- Compared to the other cluster, candidates in Cluster 8 communicated with greater confidence and fluidity, resulting in a smoother delivery of their thoughts.
- Compared to the other cluster, candidates in Cluster 8 occasionally provided less detailed explanations, which might suggest a need for deeper exploration of certain technical topics."
"1_vs_6","### CLUSTER 1 ###
- Compared to the other cluster, candidates in Cluster 1 demonstrated a stronger grasp of technical concepts, particularly in React and JavaScript, as they provided detailed explanations and examples of optimization techniques and state management.
- Compared to the other cluster, candidates in Cluster 1 showed a better understanding of advanced JavaScript features like async/await, destructuring, and spread operators, often explaining their practical applications in real-world projects.
- Compared to the other cluster, candidates in Cluster 1 exhibited more confidence and fluency in their responses, with minimal hesitation and a clear structure in their thought process, which enhanced their communication effectiveness.
- Compared to the other cluster, candidates in Cluster 1 were more adept at discussing CSS methodologies and responsive design principles, demonstrating a comprehensive understanding of how to ensure cross-browser compatibility and maintainable code.

### CLUSTER 6 ###
- Compared to the other cluster, candidates in Cluster 6 struggled with technical questions, often providing vague or incomplete answers, particularly in areas like React optimization and JavaScript ES6+ features.
- Compared to the other cluster, candidates in Cluster 6 showed limited familiarity with advanced JavaScript concepts, such as async/await and the use of Proxy objects, often needing to defer or skip questions related to these topics.
- Compared to the other cluster, candidates in Cluster 6 exhibited more hesitation and uncertainty in their responses, with frequent pauses and a lack of structured thought, which hindered their communication clarity.
- Compared to the other cluster, candidates in Cluster 6 had difficulty articulating their approach to CSS architecture and responsive design, often lacking specific examples or methodologies to support their claims."
